USE streamingdb;

-- INSERTS a nuestras tablas--

-- Tabla albumes 

INSERT INTO albumes(id_album, titulo_album, fecha_publicacion)
VALUES 	(1,'Stadium Arcadium','2006-05-09'),
		(2,'Blood Sugar Sex Magik','1991-09-24'),
		(3,'Meteora','2003-03-25'),
		(4,'The resistance','2009-09-11'),
		(5,'The Darkside of the Moon','1973-03-01'),
        (6,'is This It','2001-07-30'),
        (7,'Motomami','2022-05-06'),
        (8,'Un Verano sin ti','2022-05-06'),
        (9,'Nevermind','1991-09-24'),
        (10,'The Marshall Mathers LP','2000-05-23'),
        (11,'Master of Puppets','1986-03-03'),
        (12,'Are you Experienced','1967-05-12'),
       (13, 'The White Stripes', '1999-07-03'),
       (14, 'A Night at the Opera', '1975-11-21'),
       (15, 'Purple Rain', '1984-06-25'),
       (16, 'Appetite for Destruction', '1987-07-21'),
       (17, 'Blood on the Tracks', '1975-01-20'),
       (18, 'Born in the U.S.A.', '1984-06-04'),
       (19, 'Pet Sounds', '1966-05-16'),
       (20, 'Thriller', '1982-11-30');

-- Tabla artistas -- 
INSERT INTO artistas(id_artista,nombre_artista,business_mail,seguidores_actuales)
VALUES (1,'Red Hot Chilli Peppers','johnsmith@example.com',1000),
(2,'Linkin Park','janedoe@example.com',3000),
(3,'Muse','jimmymorson@example.com',1400),
(4,'Pink Floyd','annandersonbusiness@example.com',1500),
(5,'The Strokes','reinerlosmail@gmail.com',1200),
(6,'Rosalia','rosaliamm@gmail.com',5000),
(7,'Rawr Alejandro','alejandrorawrbusiness@gmail.com',1222),
(8,'Nirvana','nirvanaeslaluz@example.com',6554),
(9,'Eminem','mmathersreal@gmail.com',1231),
(10,'Metallica','asdasdjersaq@gmail.com',6665),
(11,'Jimi Hendrix','therealexperienced@gmail.com',4142),
(12,'The white Stripes','thewhitstripes@gmail.com',1233),
(13,'Queen','freefreddie@gmail.com',4433),
(14,'Prince','princeishere@gmail.com',1121),
(15,'Guns and Roses','rockisdeadless@example.com',5437),
(16,'Bob Dylan','goatdylan@gmail.com',3856),
(17,'Bruce Springsteen','typlatformai4dates@example.com',677),
(18,'The Beach Boys','thebeachyboys@example.com',50),
(19,'Micheal Jackson','thepopking@gmail.com',8000);

-- Tabla Canciones -- 

INSERT INTO canciones(id_cancion,track,titulo_cancion,duracion,titulo_album)
VALUES (1, 01, 'Dani California', '4.44', 'Stadium Arcadium'),
(2, 02, 'Snow (Hey Oh)', '5.35', 'Stadium Arcadium'),
(3, 03, 'Charlie', '4.09','Stadium Arcadium'),
(4, 04, 'Stadium Arcadium', '5.19', 'Stadium Arcadium'),
(5, 05, 'Hump de Bump', '3.33', 'Stadium Arcadium'),
(6, 06, 'She’s Only 18', '4.01', 'Stadium Arcadium'),
(7, 07, 'Slow Cheetah', '5.21', 'Stadium Arcadium'),
(8, 08,'Torture Me', '3.37', 'Stadium Arcadium'),
(9,  09, 'Strip My Mind', '4.18', 'Stadium Arcadium'),
(10, 10, 'Especially in Michigan', '5.01', 'Stadium Arcadium'),
(11, 11, 'Warlocks', '5.09', 'Stadium Arcadium'),
(12, 12, 'C’mon Girl', '4.00', 'Stadium Arcadium'),
(13, 13,'Wet Sand', '5.01', 'Stadium Arcadium'),
(14, 14, 'Hey', '4.09', 'Stadium Arcadium'),
(15, 15, 'Desecration Smile', '5.14', 'Stadium Arcadium'),
(16, 16, 'Tell Me Baby', '4.01', 'Stadium Arcadium'),
(17, 17, 'Hard to Concentrate', '4.10', 'Stadium Arcadium'),
(18, 18, '21st Century', '4.53', 'Stadium Arcadium'),
(19, 19, 'She Looks to Me', '4.07', 'Stadium Arcadium'),
(20, 20, 'Readymade', '5.06', 'Stadium Arcadium'),
(21, 21, 'If', '4.33', 'Stadium Arcadium'),
(22, 22, 'Make You Feel Better', '3.50', 'Stadium Arcadium'),
(23, 23, 'Animal Bar', '5.14', 'Stadium Arcadium'),
(24, 24, 'So Much I', '4.11', 'Stadium Arcadium'),
(25, 25, 'Storm in a Teacup', '4.02', 'Stadium Arcadium'),
(26, 26, 'We Believe', '4.04', 'Stadium Arcadium'),
(27, 27, 'Turn It Again','5.28', 'Stadium Arcadium'),
(28, 28, 'Death of a Martian', '4.26', 'Stadium Arcadium'),
(29,01,'Foreword','0.30','Meteora'),
(30,02,'Dont Stay','3.08','Meteora'),
(31,03,'Somewhere I Belong','3.34','Meteora'),
(32,04,'Lying from You','2.56','Meteora'),
(33,05,'Hit the Floor','2.44','Meteora'),
(34,06,'Easier to Run','2.22','Meteora'),
(35,07,'Faint','2.42','Meteora'),
(36,08,'Figure.09','3.17','Meteora'),
(37,09,'Breaking the Habit','3.16','Meteora'),
(38,10,'From the Inside','3.18','Meteora'),
(39,11,"Nobody's Listening",'2.51','Meteora'),
(40,12,"Session",'2.20','Meteora'),
(41,13,'Numb','3.07','Meteora'),
(42, 01,'Mellowship Slinky in B Major','4.15','Blood Sugar Sex Magik'),
(43, 02,'Deep Inside','3.48','Blood Sugar Sex Magik'),
(44, 03,'If You Have to Ask','3.36','Blood Sugar Sex Magik'),
(45, 04,'Breaking the Girl','4.55','Blood Sugar Sex Magik'),
(46, 05,'Funky Monks','4.17','Blood Sugar Sex Magik'),
(47, 06,'Suck My Kiss','3.36','Blood Sugar Sex Magik'),
(48, 07,'I Could Have Lied','4.07','Blood Sugar Sex Magik'),
(49, 08,'The Greeting Song','3.18','Blood Sugar Sex Magik'),
(50, 09,'My Lovely Man','4.17','Blood Sugar Sex Magik'),
(51, 10,'Give It Away','4.44','Blood Sugar Sex Magik'),
(52, 11,'Blood Sugar Sex Magik','4.33','Blood Sugar Sex Magik'),
(53, 12,'Under the Bridge','4.24','Blood Sugar Sex Magik'),
(54, 13,'Naked in the Rain','4.37','Blood Sugar Sex Magik'),
(55, 14,'Apache Rose Peacock','5.17','Blood Sugar Sex Magik'),
(56, 15,'The Righteous & the Wicked','3.54','Blood Sugar Sex Magik'),
(57, 16,"They're Red Hot",'1.45','Blood Sugar Sex Magik'),
(58, 01,'Uprising','5.02','The resistance'),
(59, 02,'Resistance','4.43','The resistance'),
(60, 03,'Undisclosed Desires','3.59','The resistance'),
(62, 04,'United States of Eurasia','5.44','The resistance'),
(63, 05,'Guiding Light','4.45','The resistance'),
(64, 06,'Unnatural Selection','6.10','The resistance'),
(65, 07,'MK Ultra','4.16','The resistance'),
(66, 08,'I Belong to You','5.04','The resistance'),
(67, 09,'Exogenesis: Symphony Part1(Overture)','3.53','The resistance'),
(68, 10,'Exogenesis: Symphony Part2(Cross-Pollination)','4.45','The resistance'),
(69, 11,'Exogenesis: Symphony Part3(Redemption)','4.51','The resistance'),
(70, 01,'Speak to Me','1.30','The darkside of the moon'),
(71, 02,'Breathe(In the air)','2.43','The darkside of the moon'),
(72, 03,'On the Run','3.30','The darkside of the moon'),
(73, 04,'Time','6.53','The darkside of the moon'),
(74, 05,'The Great Gig in the Sky','4.15','The darkside of the moon'),
(75, 06,'Money','6.31','The darkside of the moon'),
(76, 07,'Us and Them','7.49','The darkside of the moon'),
(77, 08, 'Any Colour You Like','3.25','The darkside of the moon'),
(78, 09,'Brain Damage','3.50','The darkside of the moon'),
(79, 10, 'Eclipse','2.03','The darkside of the moon'),
(80, 01,'The Modern Age','2.38','Is this it'),
(81, 02,'Soma','3.35','Is this it'),
(82, 03, 'Barely Legal','3.51','Is this it'),
(83, 04,'Someday','3.08','Is this it'),
(84, 05,'Last Nite','3.18','Is this it'),
(85, 06,'Hard to Explain','3.44','Is this it'),
(86, 07,'New York City Cops','3.31','Is this it'),
(87, 08,'Trying Your Luck','3.07','Is this it'),
(88, 09,'Take It or Leave It','2.51','Is this it'),
(89, 10,'Is this it, Together','2.35','Is this it'),
(90, 11,'Alone, Together','3.18','Is this it'),
(91, 01,'La Guida','4.12','Motomami'),
(92, 02,'Motomami','4.00','Motomami'),
(93, 03,'Chill','4.22','Motomami'),
(94, 04,'Motocicleta','3.41','Motomami'),
(95, 05,'Aire','4.14','Motomami'),
(96, 06,'Bella','3.54','Motomami'),
(97, 07,'Fuego','3.40','Motomami'),
(98, 08, 'Puerto','3.39','Motomami'),
(99, 09,'Vuelo','3.44','Motomami'),
(100,10,'Paz','3.02','Motomami'),
(101,11,'Amor','3.56','Motomami'),
(102,12,'Tierra','3.59','Motomami');

-- Tabla planes -- 

INSERT INTO planes(id_plan,tipo_suscripcion,precio,id_artista)
VALUES  (1,'Bronze','9.99',3),
		(2,'Silver','12.99',1),
        (3,'Gold','14.00',6),
        (4,'Gold','14.00',19),
        (5,'Silver','12.99',18),
        (6,'Bronze','9.99',4),
        (7,'Silver',12.99,5),
        (8,'Bronze',9.99,2),
        (9,'Silver',12.99,7),
        (10,'Silver',12.99,15),
        (11,'Gold',14.00,17),
        (12,'Gold',14.00,12),
        (13,'Silver',12.99,11),
        (14,'Gold',14.00,14),
        (15,'Gold',14.00,13),
        (16,'Silver',12.99,16),
        (17,'Silver',12.99,8),
        (18,'Gold',14.00,10),
        (19,'Gold',14.00,9);
        
-- Tabla Seguidores --

INSERT INTO seguidores(id_seguidor, artistas_favoritos, usuario)
VALUES  (1,'Red Hot Chilli Peppers,Rosalia, Rawr Alejandro','CastOcKa'),
	    (2,'Guns and Roses, Pink Floyd,Michael Jackson, Rosalia','ULAstiOT'),
        (3,'Nirvana, Guns and Roses,Metallica, Eminem','ankIaSity'),
        (4,'Red Hot Chilli Peppers,The strokes, Bob Dylan, Linkin Park','mrBright'),
        (5,'Queen,Red Hot Chilli Peppers, Prince,','Rolo33'),
        (6,'The beach boys, Bruce Springsteen, Metallica, Muse','otherhell'),
        (7,'Nirvana, Eminem,Rosalia, Rawr Alejandro','anama11'),
        (8,'Pink Floyd,The strokes, Bob Dylan,Queen, Guns and Roses','lu_lu'),
        (9,'The white Stripes, The strokes','Sartorius'),
        (10,'Linkin Park, Red Hot chilli Peppers','SpiderMars'),
        (11,'Eminem, Linkin Park','KuroCat'),
        (12,'Michael Jackson, Prince, Queen','Morena'),
        (13,'Rosalia, Rawr Alejandro, Muse, Eminem','andreei'),
        (14,'Jimi Hendrix, Pink Floyd','rockisdead'),
        (15,'Red Hot Chilli Peppers, Michael Jackson, Rosalia,','xxjcxx'),
        (16,'Red Hot Chilli Peppers, Rosalia, Linkin Park','elincomprendido'),
        (17,'Rosalia','Rainbow'),
        (18,'Red Hot Chilli Peppers, Michael Jackson, Rosalia, Muse','RhcpTony'),
        (19,'Michael Jackson, Rosalia, Nirvana, Metallica, Eminem','Big'),
        (20,'The strokes, Pink floyd, The white stripes, Jimi Hendrix','Cigarrrr');
        
-- Tabla Suscripciones -- 

INSERT INTO suscripciones(id_plan,id_artista,alta_suscripcion,baja_suscripcion)
VALUES  (1,3,'2022-01-31 12:15:35.746',NULL),
		(2,1,'2022-12-18 03:09:03.811',NULL),
        (3,6,'2023-07-23 17:37:13.971',NULL),
        (4,19,'2022-06-09 16:55:19.107','2022-08-10 13:22:59.107'),
        (5,18,'2022-05-28 17:11:53.839',NULL),
        (6,4,'2022-10-09 06:26:58.043',NULL),
        (7,5,'2022-04-30 18:50:10.093',NULL),
        (8,2,'2021-12-26 10:10:17.853','2022-12-26 10:10:17.853'),
        (9,7,'2023-03-05 06:17:44.559',NULL),
        (10,15,'2023-05-12 03:07:54.723',NULL),
        (11,17,'2023-02-03 00:37:12.917',NULL),
        (12,12,'2022-07-20 05:12:23.611',NULL),
        (13,11,'2023-07-25 13:18:45.219',NULL),
        (14,14,'2022-08-03 22:17:36.263',NULL),
        (15,13,'2021-07-02 14:10:50.867','2023-07-25 13:18:45.219'),
        (16,16,'2022-02-28 03:50:34.607',NULL),
        (17,8,'2022-11-24 19:03:14.959',NULL),
        (18,10,'2022-10-08 23:53:57.413',NULL),
        (19,9,'2023-01-14 08:04:17.813',NULL);
        
        
-- Tabla Usuarios --total_album_time

INSERT INTO usuarios(id,username,mail,nombre)
VALUES  (1,'CastOcKa','pablo11994@gmail.com','Pablo Morales'),
		(2,'ULAstiOT','ulicastt99@gmail.com','Ulises Castaneda'),
        (3,'ankIaSity','lindsity@gmail.com','Lindsey Williams'),
        (4,'mrBright','rayrayray@gmail.com','Ray Richardson'),
		(5,'Rolo33','rolomarto1997@gmail.com','Martin Telechea'),
		(6,'otherhell','thisiskeith@gmail.com','Keith Humpreys'),
		(7,'anama11','anamariar@gmail.com','Ana María Real'),
		(8,'lu_lu','lucrereynoso@outlook.com','Lucrecia Reynoso'),
		(9,'Sartorius','matiasb33@outlook.com','Matias Benavides'),
		(10,'SpiderMars','hannabanana@outlook.com','Hanna Vancluysen'),
		(11,'KuroCat','claralombardo@gmail.com','Clara Lombardo'),
		(12,'Morena','blangre19@outlook.com','Blanca Greco'),
		(13,'andreei','andrecbj@gmail.com','Andres Soto'),
		(14,'rockisdead','felicianosoto@gmail.com','Feliciano Soto'),
		(15,'xxjcxx','gabitoiba@gmail.com','Gabino Ibañez'),
		(16,'elincomprendido','flopomedi@hotmail.com','Florencio Medina'),
		(17,'Rainbow','domhort1@hotmail.com','Dominic Horter'),
		(18,'RhcpTony','tonyhawks@gmail.com','Tony Hawkings'),
		(19,'Big','lew00taylor@gmail.com','Lewis Taylor'),
		(20,'Cigarrrr','zaraisalive@gmail.com','Zara Shaw');
